bs,CPU,RAM (GB),GPU,switch-base-8/GPU-only,switch-base-16/GPU-only,switch-base-32/GPU-only,switch-base-64/GPU-only,switch-base-128/GPU-only,switch-base-256/GPU-only,switch-large-128/GPU-only,switch-base-8/Pre-gated,switch-base-16/Pre-gated,switch-base-32/Pre-gated,switch-base-64/Pre-gated,switch-base-128/Pre-gated,switch-base-256/Pre-gated,switch-large-128/Pre-gated,switch-base-8/DeepSpeed,switch-base-16/DeepSpeed,switch-base-32/DeepSpeed,switch-base-64/DeepSpeed,switch-base-128/DeepSpeed,switch-base-256/DeepSpeed,switch-large-128/DeepSpeed,switch-base-8/SE-MoE,switch-base-16/SE-MoE,switch-base-32/SE-MoE,switch-base-64/SE-MoE,switch-base-128/SE-MoE,switch-base-256/SE-MoE,switch-large-128/SE-MoE
1,AMD EPYC 7V12 64-Core Processor,1771,NVIDIA A100-SXM4-80GB,0.949028,0.94747,0.941944,0.947347,0.946341,0.961758,0,1.19681,1.2002,1.46616,1.45448,1.19611,1.21368,1.50664,2.01418,2.08447,1.84821,2.00044,1.87646,1.89102,2.7553,8.83068,17.4736,35.857,89.7933,103.136,203.218,189.124
2,AMD EPYC 7V12 64-Core Processor,1771,NVIDIA A100-SXM4-80GB,0.92402,0.921938,0.92152,0.930502,0.934136,0.933262,0,1.43945,1.40454,1.61375,1.49962,1.4534,1.63025,3.02498,2.19451,2.64676,2.59338,2.7755,2.22959,2.4339,4.40186,9.06985,12.8858,34.7083,0.0,113.539,209.152,188.26
4,AMD EPYC 7V12 64-Core Processor,1771,NVIDIA A100-SXM4-80GB,0.922977,0.923572,0.922806,0.926597,0.932423,0.935173,0,1.87262,1.9973,2.06573,2.12832,2.14196,2.74078,4.65085,3.09155,3.8916,14.2816,14.0891,2.59484,0.0,5.30432,22.1012,17.9765,35.5404,81.6792,101.888,202.88,183.376
8,AMD EPYC 7V12 64-Core Processor,1771,NVIDIA A100-SXM4-80GB,0.931477,0.985994,0.967131,0.948958,0.967444,1.0204,0,1.79103,3.25691,3.21831,3.00022,2.87821,4.77378,7.39945,3.55567,5.47356,3.79676,3.85875,3.24205,4.80021,8.44958,19.2153,17.9871,34.9115,68.5582,101.799,209.838,189.538
16,AMD EPYC 7V12 64-Core Processor,1771,NVIDIA A100-SXM4-80GB,0.960509,1.061,1.00138,0.982204,1.00762,1.1182,0,2.06231,4.07626,5.03004,3.726,3.92649,7.57816,10.5579,4.00654,7.32318,5.90759,4.90454,4.65248,8.18264,11.0393,6.91914,17.6877,35.4852,71.3696,102.09,214.977,0.0
32,AMD EPYC 7V12 64-Core Processor,1771,NVIDIA A100-SXM4-80GB,1.00509,1.11737,1.06069,1.06599,1.07841,1.28549,0,3.20937,6.11369,6.21455,6.48342,5.84252,11.912,20.4157,4.56558,8.91479,18.4908,7.01444,6.15256,10.4779,15.6192,8.82041,17.9316,34.815,62.1244,115.549,0.0,189.121
